{
  "simulation_config": {
    "num_frames": 50,
    "timestamp": 1748698527.4037185
  },
  "performance_summary": {
    "total_frames": 50,
    "avg_fps": 1540.3198744484675,
    "avg_frame_time_ms": 0.649215800294769,
    "avg_inference_time_ms": 30.0,
    "avg_power_mw": 429.33855512439186,
    "peak_power_mw": 430.26087663915445,
    "threat_detection_rate": 0.82,
    "efficiency_fps_per_watt": 3587.6579358268723
  },
  "system_config": {
    "models_loaded": [
      "vision",
      "audio",
      "motion"
    ],
    "hardware_simulation": false
  }
}